customer_id,name,dob,city,join_date
1,Amit Shah,1974-08-17,Jaipur,2016-03-02
2,Krishna Basu,1962-02-12,Ahmedabad,2016-03-02
3,Roshni Verma,1981-02-14,Indore,2016-03-02
4,Tanuja Menon,1995-09-10,Mysore,2016-09-11
5,Pranita Saini,1968-05-14,Thiruvananthapuram,2016-07-24
6,Dhanush Kumar,1978-06-19,Visakhapatnam,2016-03-02
7,Vedant Shinde,2006-04-13,Bhopal,2016-08-09
8,Nakul Vohra,1995-04-22,Mysore,2016-03-02
9,Sudarshan Joshi,1991-10-10,Hyderabad,2017-01-07
10,Sandeep Behera,1957-02-03,Kochi,2016-03-15
11,Dhairya Siddiqui,1973-01-27,Kochi,2016-03-02
12,Konkona Mehta,1986-04-06,Indore,2016-03-28
13,Raveena Swain,2002-02-26,Ahmedabad,2016-04-22
14,Chhaya Menon,1989-01-06,Bangalore,2016-04-28
15,Vrinda Dhawan,1997-02-08,Pune,2016-04-01
16,Vaibhav Chopra,2003-12-23,Hyderabad,2016-12-09
17,Vivek Patel,1992-12-04,Bangalore,2016-04-03
18,Gitanjali Ansari,1983-08-09,Kolkata,2016-06-30
19,Suraj Krishnamurthy,1978-06-23,Bangalore,2016-03-02
20,Ishita Khan,1977-12-03,Ahmedabad,2016-07-18
21,Konkana Jaiswal,1994-10-29,Surat,2016-03-02
22,Shailesh Bhatt,1976-08-30,Ahmedabad,2016-12-22
23,Indira Bose,1960-12-17,Chandigarh,2017-02-27
24,Sadhana Oberoi,2003-12-25,Jaipur,2016-11-05
25,Navya Panicker,1998-07-04,Lucknow,2017-03-22
26,Deepti Srivastava,1996-01-31,Nagpur,2016-11-15
27,Kalyani Banerjee,1979-11-04,Kolkata,2016-06-17
28,Heena Pandit,1975-12-09,Dehradun,2017-05-29
29,Kareena Khanna,1978-07-19,Nagpur,2016-07-21
30,Geeta Dixit,2007-06-29,Nagpur,2016-03-02
31,Rohit Naidu,1978-04-04,Indore,2017-03-07
32,Megha Murthy,1958-06-27,Mumbai,2017-03-10
33,Rachna Malik,1996-09-16,Ahmedabad,2016-08-08
34,Aniket Joshi,1958-08-04,Mumbai,2016-12-02
35,Amina Bhattacharya,1970-08-05,Coimbatore,2017-07-01
36,Naresh Rajput,1967-12-24,Jaipur,2016-12-31
37,Karthik Kamath,1986-01-03,Bangalore,2016-10-06
38,Chandan Dutta,2007-12-21,Bangalore,2017-02-27
39,Deepika Kaul,1994-12-16,Chandigarh,2016-05-25
40,Aadi Shaikh,1961-01-01,Patna,2016-08-11
41,Radha Paul,1965-09-19,Kolkata,2017-06-23
42,Nikunj Sawant,1986-04-27,Mysore,2016-07-23
43,Renuka Agrawal,2004-04-22,Lucknow,2017-04-07
44,Surekha Sen,1958-06-26,Guwahati,2017-02-07
45,Ashok Trivedi,1983-07-22,Mumbai,2016-08-04
46,Chandra Swamy,1958-02-02,Nagpur,2016-06-04
47,Yamini Dhillon,2001-03-04,Kolkata,2016-10-13
48,Suresh Rathore,1974-07-16,Mysore,2016-06-15
49,Sachin Kurup,1960-03-07,Pune,2017-09-07
50,Kiaan Prakash,1990-09-16,Guwahati,2017-04-24
51,Bhavna Saxena,1989-11-15,Kochi,2017-07-06
52,Sangeeta Mishra,1993-06-30,Lucknow,2016-08-06
53,Krunal Anantharaman,1982-07-03,Ahmedabad,2017-08-22
54,Ananya Patil,2006-08-01,Delhi,2017-03-08
55,Swati Warrier,1975-08-25,Bangalore,2017-05-14
56,Hemant Mukherjee,1987-03-29,Dehradun,2017-02-02
57,Sourav Nambiar,1960-06-28,Kochi,2017-05-13
58,Padmini Gokhale,2006-05-12,Indore,2016-11-04
59,Anirudh Upadhyay,1962-09-10,Pune,2017-04-13
60,Alok Hegde,1975-12-29,Bangalore,2016-11-20
61,Santosh Chauhan,2008-02-10,Delhi,2018-01-05
62,Seema Tiwari,1975-11-30,Pune,2017-01-25
63,Nikita Krishnan,1974-06-16,Dehradun,2017-06-03
64,Kajal Wani,2005-04-24,Bhopal,2016-09-12
65,Rani Singh,1979-07-01,Kolkata,2016-09-13
66,Radhika Rao,1971-06-09,Guwahati,2017-03-01
67,Narmada Rao,1972-12-13,Chandigarh,2017-07-17
68,Rohan Mehra,1996-03-03,Noida,2017-06-19
69,Parveen Sanyal,1970-03-02,Thiruvananthapuram,2016-11-25
70,Subhash Agarwal,2007-02-22,Thiruvananthapuram,2016-11-10
71,Nandita Viswanathan,1975-01-21,Indore,2017-01-10
72,Fatima Sahoo,1974-11-30,Pune,2017-11-19
73,Kali Rajagopalan,1994-01-26,Nagpur,2017-09-01
74,Anjana Mohammad,2004-07-08,Indore,2017-06-19
75,Shilpa Pawar,1997-09-16,Coimbatore,2017-05-21
76,Madhavi Mitra,1978-03-20,Lucknow,2017-05-22
77,Ratna Gupta,1984-02-12,Dehradun,2018-05-30
78,Meena Pai,1958-08-20,Guwahati,2017-08-26
79,Rajani Bhat,1988-08-12,Noida,2017-04-30
80,Meera Bhardwaj,1964-10-25,Pune,2018-05-06
81,Anushka Balakrishnan,1966-04-09,Ahmedabad,2017-10-08
82,Vaishali Sandhu,1959-05-17,Mumbai,2017-01-25
83,Saanvi Pattnaik,1960-10-25,Guwahati,2018-05-20
84,Simran Dasgupta,1991-06-28,Nagpur,2017-05-05
85,Tanvi Sundaram,1984-01-18,Delhi,2018-06-06
86,Garima Aggarwal,1962-05-28,Noida,2017-06-16
87,Ritesh Vaidyanathan,1988-08-29,Ahmedabad,2018-04-19
88,Ratna Rahman,1962-01-18,Pune,2017-05-06
89,Anaya Bhandari,1968-06-24,Thiruvananthapuram,2017-11-07
90,Utkarsh Gupta,2004-09-18,Vadodara,2018-02-15
91,Mandakini Kapoor,1959-12-17,Coimbatore,2017-04-10
92,Vandana Gill,1985-04-20,Jaipur,2018-05-05
93,Ameesha Dhar,1989-02-09,Kochi,2017-08-02
94,Shraddha Mohanty,1977-03-06,Noida,2017-06-30
95,Nikhil Tripathi,1983-08-04,Patna,2017-08-29
96,Vikram Venkatesh,1988-04-19,Visakhapatnam,2018-09-23
97,Sahil Bhandary,2007-09-05,Visakhapatnam,2018-09-30
98,Taapsee Narayanan,1994-08-20,Indore,2018-01-26
99,Dev Parthasarathy,1994-05-13,Chandigarh,2018-10-09
100,Bhaskar Sharma,1961-11-28,Delhi,2018-11-11
101,Jagdish Shukla,1975-09-20,Mumbai,2017-07-06
102,Pratik Nayak,2004-12-26,Bhopal,2017-10-07
103,Arpita Das,1986-07-27,Bhopal,2017-12-07
104,Indu Anand,1966-12-18,Kochi,2018-04-04
105,Soham Mazumdar,1993-12-23,Kochi,2018-04-05
106,Sita Khatri,1997-08-09,Coimbatore,2017-10-24
107,Himanshu Deshpande,1968-11-29,Coimbatore,2018-11-30
108,Vikas More,1986-11-26,Kochi,2018-07-27
109,Aadvik Thakkar,1976-11-28,Jaipur,2018-12-02
110,Sara Thakur,1961-01-16,Noida,2017-10-23
111,Alia Reddy,2003-03-29,Chandigarh,2017-10-05
112,Pranav Prasad,1991-12-08,Vadodara,2017-10-24
113,Harish Kamble,1965-11-05,Noida,2018-12-12
114,Yashoda Bansal,1998-04-27,Guwahati,2017-10-08
115,Shankar Iyer,1993-04-02,Dehradun,2017-12-14
116,Nilesh Modi,1997-10-17,Kochi,2018-04-18
117,Rajat Sengupta,1980-06-03,Hyderabad,2018-12-11
118,Avni Singhal,1990-09-15,Mysore,2019-02-11
119,Praful Thapar,2007-06-30,Jaipur,2018-06-24
120,Nisha Nair,1968-03-07,Noida,2017-12-01
121,Harsh Ali,1989-05-25,Mumbai,2017-12-19
122,Rupali Bhatia,1956-07-23,Visakhapatnam,2018-02-24
123,Sunil Senapati,1995-03-01,Pune,2018-10-25
124,Milind Tagore,1985-09-26,Jaipur,2018-10-12
125,Samar Garg,1973-01-20,Mumbai,2018-03-29
126,Bharat Kohli,2002-12-31,Lucknow,2019-01-13
127,Katrina Talwar,1972-05-20,Pune,2018-01-24
128,Rohini Chaturvedi,1996-01-09,Vadodara,2018-03-21
129,Pravin Qureshi,1979-05-05,Vadodara,2018-07-09
130,Dia Pandey,1999-04-13,Indore,2019-05-31
131,Aarush Chakraborty,1982-02-23,Bhopal,2019-05-28
132,Kalki Gaikwad,1963-05-29,Visakhapatnam,2018-08-07
133,Ravi Jain,1958-05-10,Lucknow,2019-03-19
134,Jaya Grewal,1989-12-25,Chandigarh,2018-06-23
135,Neetu Goyal,1971-01-11,Lucknow,2018-11-27
136,Payal Suri,1985-08-18,Kochi,2019-08-09
137,Mohini Tandon,1985-06-20,Hyderabad,2019-01-01
138,Lokesh Brar,2003-01-15,Hyderabad,2019-08-19
139,Tarun Bajaj,1982-06-10,Visakhapatnam,2018-12-19
140,Arun Alam,1961-01-27,Kochi,2018-09-29
141,Atharva Unnikrishnan,1981-12-08,Lucknow,2018-10-03
142,Priyanka Ghosh,1993-11-17,Ahmedabad,2019-07-14
143,Amrita Chawla,1993-07-13,Pune,2018-10-20
144,Diya Mohan,1974-01-15,Kochi,2019-03-14
145,Keshav Sidhu,1996-12-15,Surat,2019-09-13
146,Chitrangada Acharya,2003-01-30,Ahmedabad,2019-06-22
147,Kamini Pillai,1960-12-09,Surat,2019-06-13
148,Padma Subramanian,1966-10-22,Bangalore,2018-09-02
149,Pramila Ramachandran,1956-03-12,Chandigarh,2018-11-17
150,Ragini Shankar,2000-08-12,Kochi,2018-07-13
151,Nargis Naik,1966-03-26,Coimbatore,2018-11-20
152,Girish Mittal,1958-10-01,Lucknow,2019-03-18
153,Shobha Malhotra,1987-02-11,Bhopal,2019-02-13
154,Mahima Begum,1987-03-13,Bhopal,2018-12-10
155,Jacqueline Ahmed,2005-05-04,Dehradun,2018-12-28
156,Ajay Gopalan,2000-05-26,Patna,2019-06-13
157,Esha Sodhi,1957-02-23,Thiruvananthapuram,2019-03-13
158,Saraswati Raina,1988-03-09,Kolkata,2019-03-28
159,Tarini Hussain,1995-05-17,Coimbatore,2018-09-29
160,Varsha Parida,1981-09-25,Jaipur,2019-12-24
161,Queenie Ganguly,2004-10-10,Thiruvananthapuram,2019-08-04
162,Mohan Kelkar,1974-12-31,Lucknow,2019-05-05
163,Manjari Pathan,1986-07-01,Patna,2020-02-19
164,Sushmita Biswal,2007-10-05,Mysore,2018-11-14
165,Varun Chowdhury,1995-11-11,Chandigarh,2019-12-02
166,Amar Raghavan,1974-12-09,Guwahati,2018-11-05
167,Mukesh Srinivasan,2006-11-05,Kochi,2020-01-22
168,Rekha Kapur,1968-09-03,Dehradun,2018-12-06
169,Mala Dubey,1983-10-16,Jaipur,2020-01-21
170,Vinita Yadav,1956-03-26,Noida,2019-08-04
171,Divyansh Dutta,1970-02-20,Kochi,2020-01-31
172,Julianna Shetty,1992-11-24,Vadodara,2020-01-06
173,Prakash Roy,2000-04-18,Kolkata,2019-06-12
174,Kanchan Mohapatra,1976-10-12,Pune,2019-04-06
175,Hardik Sethi,2000-07-10,Noida,2020-03-25
176,Rishi Lahiri,1997-12-02,Mysore,2019-11-02
177,Aditya Subramaniam,2006-04-03,Indore,2019-04-10
178,Rishabh Sachdeva,1993-08-18,Kochi,2019-01-22
179,Sridevi Kulkarni,1981-07-01,Kolkata,2019-04-10
180,Tanmay Sheikh,1965-07-09,Dehradun,2019-06-28
181,Santoshi Varma,1971-10-06,Vadodara,2020-05-21
182,Akhil Desai,1976-04-04,Visakhapatnam,2019-05-08
183,Parth Khurana,1962-05-24,Visakhapatnam,2020-02-25
184,Smita Sinha,2005-03-27,Noida,2020-07-18
185,Shakti Chatterjee,1996-07-07,Vadodara,2019-08-04
186,Yogesh Jadhav,1987-08-25,Coimbatore,2019-07-29
187,Usha Choudhury,1992-08-16,Surat,2019-05-25
188,Shreya Randhawa,1963-10-17,Mysore,2019-12-11
189,Damini Arora,1992-03-17,Chandigarh,2019-09-15
190,Shanti Rajaraman,1995-08-08,Kolkata,2019-07-15
191,Zeenat Gopalakrishnan,1958-10-05,Visakhapatnam,2019-05-01
192,Poonam Natarajan,1972-04-01,Ahmedabad,2020-07-29
193,Sagarika Sarkar,1980-11-12,Chennai,2019-05-26
194,Jai Deshmukh,2008-01-06,Jaipur,2020-03-05
195,Trisha Pandit,1997-11-30,Bangalore,2019-09-10
196,Roopa Ramachandran,1988-11-08,Nagpur,2019-07-05
197,Lata Joshi,1984-03-01,Thiruvananthapuram,2020-01-18
198,Priya Viswanathan,1970-04-14,Patna,2020-03-05
199,Dharmesh Bhandari,1981-06-12,Bhopal,2020-04-23
200,Parvati Kulkarni,2001-11-01,Pune,2020-03-19
201,Akash Kapoor,1961-08-18,Pune,2019-07-15
202,Menaka Sethi,1983-06-01,Vadodara,2019-12-20
203,Rupali Kurup,2007-03-21,Vadodara,2019-08-01
204,Prem Sarkar,1963-08-13,Thiruvananthapuram,2019-07-21
205,Shabana Pai,2005-09-26,Bangalore,2019-08-15
206,Tulsi Singhal,1978-12-18,Mysore,2020-06-05
207,Kavita Kapur,1988-09-08,Delhi,2020-06-06
208,Nalini Dhillon,2007-08-17,Thiruvananthapuram,2020-10-05
209,Manjula Chowdhury,2003-09-02,Indore,2020-06-28
210,Mahesh Ahmed,2006-11-15,Noida,2020-02-22
211,Ranjana Dasgupta,1975-03-21,Nagpur,2020-06-30
212,Sapna Lahiri,1963-02-27,Hyderabad,2020-10-30
213,Ayaan Ali,1968-05-16,Indore,2020-12-11
214,Pari Goyal,1990-05-04,Mumbai,2020-01-03
215,Aaradhya Tagore,1961-08-08,Chandigarh,2020-04-04
216,Zoya Rathore,1979-03-05,Hyderabad,2020-03-26
217,Reyansh Gill,1988-12-19,Indore,2020-12-25
218,Vineet Sharma,1992-01-07,Chennai,2020-12-27
219,Vijay Naidu,2006-07-10,Surat,2020-09-07
220,Abhay Kumar,1988-08-09,Dehradun,2019-12-30
221,Tanish Anand,1970-10-12,Jaipur,2019-12-02
222,Sameer Qureshi,1994-11-14,Delhi,2021-01-15
223,Tanya Patil,1997-09-01,Bhopal,2020-05-06
224,Atul Varma,1996-01-29,Thiruvananthapuram,2020-08-01
225,Sushma Shaikh,2003-05-27,Hyderabad,2021-02-09
226,Vinay Gopalan,1961-11-13,Delhi,2020-04-16
227,Genelia Venkatesh,1984-05-29,Kochi,2020-11-28
228,Harini Mishra,1974-02-10,Kochi,2020-01-15
229,Raghav Gokhale,1966-12-20,Indore,2021-02-05
230,Vinod Upadhyay,1990-09-16,Visakhapatnam,2020-08-17
231,Sanjit Raina,1971-07-11,Noida,2020-05-24
232,Sangita Choudhury,1969-03-12,Thiruvananthapuram,2020-04-07
233,Arjun Parthasarathy,1963-12-04,Ahmedabad,2020-05-15
234,Kamala Singh,1965-05-21,Indore,2020-08-17
235,Manav Krishnamurthy,2006-06-29,Ahmedabad,2020-11-20
236,Veer Hegde,1961-09-26,Vadodara,2020-08-12
237,Vihaan Ansari,1989-10-23,Kochi,2020-06-07
238,Yukta Sen,1976-04-06,Chandigarh,2021-05-25
239,Ajit Aggarwal,1983-11-10,Dehradun,2021-02-23
240,Kiara Sahoo,1960-01-13,Nagpur,2020-08-30
241,Ayush Balakrishnan,1979-06-11,Indore,2021-03-02
242,Anish Das,1958-02-15,Chandigarh,2020-09-26
243,Ishaan Deshpande,1969-12-30,Delhi,2020-09-24
244,Ayesha Prakash,1965-08-29,Mumbai,2021-01-01
245,Umesh Bhatt,1981-05-22,Ahmedabad,2021-07-03
246,Vishnu Sengupta,2006-04-20,Lucknow,2021-02-16
247,Raj Siddiqui,1968-11-22,Kolkata,2020-11-29
248,Mini Krishnan,1973-04-15,Chandigarh,2021-07-23
249,Mamta Dutta,1989-01-29,Delhi,2020-10-14
250,Ram Chopra,1968-12-28,Ahmedabad,2021-01-06
251,Sankalp Biswal,1956-04-21,Mumbai,2020-06-13
252,Ganesh Arora,1991-12-22,Chandigarh,2021-05-03
253,Shreyas Nayak,1977-08-29,Chennai,2020-08-04
254,Aarohi Unnikrishnan,1969-10-17,Lucknow,2020-10-20
255,Ashwin Randhawa,1992-11-08,Vadodara,2021-09-10
256,Aishwarya Bansal,1989-07-26,Vadodara,2021-05-07
257,Sharmila Sanyal,1985-11-30,Mysore,2021-12-04
258,Urmila Srinivasan,1956-11-30,Mysore,2020-07-24
259,Rashi Talwar,1990-05-27,Kochi,2022-01-17
260,Uma Tripathi,1973-02-22,Indore,2021-04-04
261,Nisha Mehta,1959-02-27,Bangalore,2021-12-28
262,Chirag Naik,2002-05-02,Visakhapatnam,2021-08-01
263,Rajan Mohapatra,1986-03-10,Ahmedabad,2021-12-19
264,Persis Mazumdar,1990-12-06,Kolkata,2020-09-29
265,Darsh Agrawal,1977-03-27,Guwahati,2021-08-22
266,Lajwanti Gaikwad,1990-06-28,Thiruvananthapuram,2021-06-14
267,Sakshi Bajaj,1993-03-21,Chennai,2021-06-28
268,Sonal Anantharaman,1967-12-09,Guwahati,2021-10-11
269,Sandhya Saxena,2002-08-19,Ahmedabad,2021-10-06
270,Pushpa Menon,1971-03-03,Dehradun,2021-04-24
271,Sumit Dutta,1987-10-04,Delhi,2020-12-27
272,Chetan Saini,1976-03-01,Pune,2020-11-14
273,Archana Patel,1965-10-17,Patna,2022-01-05
274,Siddharth Banerjee,1992-01-24,Nagpur,2021-02-23
275,Madhuri Paul,1975-12-25,Chandigarh,2022-01-08
276,Laxmi Sodhi,1964-11-13,Surat,2022-02-16
277,Ira Dhar,1997-10-12,Lucknow,2021-11-01
278,Myra Khatri,1961-09-24,Surat,2021-04-01
279,Pallav Narayanan,1985-03-26,Chennai,2022-06-17
280,Karishma Mehra,1982-04-29,Mumbai,2021-05-02
281,Swapna Dhawan,1972-02-03,Mysore,2021-08-30
282,Neerja Natarajan,1972-06-19,Nagpur,2021-08-13
283,Kishore Hussain,1978-05-04,Bangalore,2022-05-23
284,Gauri Thapar,1995-09-24,Dehradun,2021-08-10
285,Manoj Shankar,2001-09-14,Ahmedabad,2022-05-13
286,Shabana Nair,1984-03-17,Surat,2021-03-06
287,Divya Vaidyanathan,1968-08-04,Patna,2021-08-03
288,Shruti Sundaram,2001-01-02,Vadodara,2022-04-18
289,Aanya Menon,1983-05-19,Indore,2021-03-19
290,Hema More,1999-12-31,Coimbatore,2021-09-18
291,Kartik Grewal,1975-02-13,Lucknow,2021-07-05
292,Sonakshi Rajput,1972-07-19,Lucknow,2021-07-29
293,Nazia Malik,2006-07-02,Thiruvananthapuram,2021-11-07
294,Aadit Mukherjee,1975-03-31,Kolkata,2021-10-08
295,Lara Kohli,1983-04-07,Ahmedabad,2021-11-18
296,Anand Kamble,1987-07-29,Vadodara,2021-06-29
297,Sai Tandon,1985-10-03,Kolkata,2021-11-22
298,Omkar Yadav,1975-10-03,Nagpur,2021-09-12
299,Naman Begum,1957-04-23,Mysore,2021-12-04
300,Namita Wani,1987-05-15,Kochi,2021-11-04
301,Kunal Sachdeva,1994-01-16,Dehradun,2021-10-02
302,Sneha Gupta,1993-12-17,Dehradun,2022-07-23
303,Rukmini Sheikh,1972-11-26,Ahmedabad,2021-08-28
304,Celina Garg,1993-03-29,Thiruvananthapuram,2022-06-27
305,Parineeti Gupta,1964-12-24,Chandigarh,2021-12-17
306,Hriday Rahman,1996-09-30,Indore,2021-10-29
307,Rajeshwari Panicker,1987-03-17,Chennai,2021-09-03
308,Tanvi Bhandary,1963-06-06,Mysore,2022-04-16
309,Juhi Iyer,1982-01-22,Noida,2022-10-02
310,Naveen Kaul,2004-08-31,Kochi,2022-03-13
311,Sudhir Khurana,1985-03-17,Vadodara,2021-11-05
312,Tejasvi Ghosh,1988-08-08,Guwahati,2021-09-26
313,Lalit Sandhu,2000-08-16,Vadodara,2022-01-28
314,Bipasha Swain,2004-09-30,Thiruvananthapuram,2023-01-17
315,Rahul Dixit,1982-02-01,Patna,2022-08-26
316,Mandira Suri,1978-05-01,Mumbai,2022-04-22
317,Kiran Bhardwaj,1984-10-19,Vadodara,2023-02-20
318,Surabhi Kamath,2004-09-22,Delhi,2022-09-13
319,Sanjay Chawla,1993-10-01,Thiruvananthapuram,2021-11-03
320,Deepak Mittal,1957-09-01,Bangalore,2022-08-11
321,Manisha Thakur,1994-02-04,Bhopal,2022-03-12
322,Lakshmi Mohan,1974-11-06,Hyderabad,2022-07-22
323,Bharati Verma,1993-05-23,Patna,2022-03-24
324,Rajesh Nambiar,1961-08-30,Coimbatore,2023-01-12
325,Dinesh Behera,2000-10-27,Indore,2023-05-14
326,Kavya Tiwari,1995-11-07,Noida,2023-01-05
327,Vasudha Bhat,1980-12-18,Indore,2022-07-15
328,Veena Desai,2005-11-17,Noida,2022-03-20
329,Aadhya Subramanian,1972-03-12,Jaipur,2022-08-04
330,Lisa Kelkar,1978-05-24,Vadodara,2022-10-06
331,Mayank Srivastava,1993-07-12,Kolkata,2022-09-20
332,Gopal Shah,1975-05-05,Noida,2022-03-28
333,Tejas Mohanty,1999-07-22,Surat,2023-06-29
334,Anika Malhotra,1977-04-20,Coimbatore,2022-09-14
335,Pratibha Brar,1958-08-30,Mysore,2022-08-05
336,Mihir Jain,1977-08-19,Nagpur,2022-07-10
337,Lakshman Bhatia,1976-05-12,Coimbatore,2023-06-25
338,Rakesh Parida,1988-06-22,Ahmedabad,2022-12-21
339,Abhijeet Pathan,1977-09-10,Bhopal,2022-04-22
340,Smriti Dubey,1974-12-20,Mysore,2022-07-31
341,Pallavi Joshi,1962-04-25,Chennai,2023-02-06
342,Ashish Khan,1999-11-18,Visakhapatnam,2023-03-12
343,Vasanti Pillai,1969-04-26,Nagpur,2022-07-14
344,Preeti Sinha,1986-07-04,Lucknow,2023-02-26
345,Kunti Raghavan,1967-11-17,Kolkata,2022-09-09
346,Rajiv Mohammad,2007-04-09,Dehradun,2023-10-14
347,Nidhi Rajaraman,2000-08-14,Indore,2022-08-16
348,Mira Acharya,2001-06-28,Pune,2023-07-31
349,Vimala Jaiswal,1965-06-04,Vadodara,2022-07-21
350,Aarav Pandey,1983-07-13,Kolkata,2022-05-28
351,Tabu Chakraborty,1961-02-03,Mumbai,2023-04-03
352,Naina Rao,1986-12-12,Kolkata,2023-07-09
353,Shradha Reddy,2004-12-04,Visakhapatnam,2023-12-03
354,Ritu Khanna,2002-11-14,Coimbatore,2023-06-02
355,Sonam Jadhav,1989-07-01,Chennai,2023-05-12
356,Shweta Bose,1964-02-07,Pune,2022-09-27
357,Aditi Subramaniam,1967-08-09,Ahmedabad,2022-10-02
358,Gaurav Rajagopalan,1997-10-15,Jaipur,2022-10-02
359,Sonali Thakkar,1960-06-07,Pune,2024-01-28
360,Kaustubh Mitra,1963-02-24,Lucknow,2023-06-26
361,Shalini Sidhu,2006-03-02,Indore,2024-01-26
362,Amol Pawar,1974-06-11,Chennai,2024-01-03
363,Nandini Deshmukh,1993-07-12,Coimbatore,2023-01-22
364,Kaushalya Basu,2006-07-19,Mumbai,2023-02-06
365,Asha Pattnaik,1996-09-23,Chandigarh,2023-10-23
366,Anjali Sawant,2000-08-09,Chandigarh,2023-04-21
367,Piyush Modi,1977-11-30,Guwahati,2022-11-27
368,Saurabh Shetty,1974-08-17,Coimbatore,2023-09-07
369,Monika Murthy,1974-01-24,Delhi,2023-06-03
370,Ankur Chatterjee,2000-08-23,Jaipur,2023-06-13
371,Vidya Shukla,1992-02-27,Vadodara,2024-01-14
372,Arnav Chaturvedi,2006-04-09,Patna,2023-12-13
373,Sarthak Ganguly,2006-06-20,Surat,2024-04-13
374,Neha Senapati,1995-01-28,Hyderabad,2023-11-11
375,Pratham Gopalakrishnan,1967-12-26,Thiruvananthapuram,2023-03-30
376,Yuvraj Trivedi,2004-08-08,Ahmedabad,2023-06-12
377,Karuna Vohra,2001-04-23,Pune,2023-09-13
378,Sharada Oberoi,1978-04-17,Kochi,2023-04-07
379,Satish Rao,1965-04-08,Vadodara,2024-01-14
380,Ramya Swamy,2000-01-30,Surat,2024-02-12
381,Jhanvi Bhattacharya,2001-06-07,Coimbatore,2024-07-08
382,Pooja Prasad,1997-07-20,Pune,2023-11-03
383,Shivansh Agarwal,1998-12-08,Dehradun,2023-05-31
384,Leela Warrier,1971-04-17,Kolkata,2024-06-07
385,Sana Shinde,1992-02-02,Bhopal,2023-05-03
386,Anuj Roy,1971-03-31,Mumbai,2024-07-15
387,Gul Alam,1990-02-17,Nagpur,2023-07-27
388,Vivaan Chauhan,1987-01-26,Chennai,2023-10-02
389,Malini Sanyal,1987-09-05,Ahmedabad,2024-01-02
390,Prashant Sinha,1989-08-17,Lucknow,2024-05-30
391,Mohit Dasgupta,2006-04-14,Vadodara,2024-02-12
392,Sunita Swain,1979-11-03,Dehradun,2024-04-02
393,Waheeda Chakraborty,1991-03-06,Surat,2024-02-17
394,Vishal Upadhyay,1965-10-29,Mumbai,2024-08-01
395,Anita Rajaraman,1980-11-19,Vadodara,2024-01-17
396,Huma Parthasarathy,1976-08-17,Chennai,2024-03-10
397,Shivam Mazumdar,1978-02-23,Mumbai,2023-10-25
398,Nishant Jaiswal,1974-07-15,Bhopal,2023-06-19
399,Dhruv Kelkar,1987-05-02,Surat,2023-06-24
400,Riya Ghosh,1983-04-24,Guwahati,2023-11-24
401,Tara Kamble,1964-01-24,Nagpur,2024-06-19
402,Anil Dutta,1957-08-10,Lucknow,2023-12-17
403,Ramesh Gopalakrishnan,1989-08-08,Ahmedabad,2024-02-21
404,Sushila Prakash,1996-05-17,Hyderabad,2024-10-10
405,Durga Trivedi,1979-01-27,Indore,2023-12-14
406,Uday Venkatesh,1980-05-06,Bangalore,2023-12-08
407,Madhav Pai,1972-12-24,Kochi,2024-12-19
408,Devesh Shetty,1998-01-25,Delhi,2023-09-25
409,Abhishek Khan,2001-09-02,Delhi,2025-01-11
410,Shanti Desai,1995-07-02,Delhi,2024-03-05
411,Savitri Ramachandran,2004-02-06,Delhi,2024-05-08
412,Shashank Agrawal,1990-08-26,Coimbatore,2024-06-28
413,Viraj Talwar,1986-12-16,Noida,2024-11-29
414,Aryan Dhillon,1965-08-26,Ahmedabad,2023-12-14
415,Rachita Qureshi,2001-11-27,Hyderabad,2024-11-02
416,Komal Biswal,1981-05-22,Mysore,2024-11-19
417,Jyoti Mohanty,1971-02-14,Delhi,2025-01-22
418,Karan Nambiar,2004-09-19,Guwahati,2025-01-11
419,Yash Saini,1981-10-31,Kolkata,2024-04-28
420,Yashodhara Singh,1975-07-23,Guwahati,2024-08-15
421,Vishal Nair,1989-12-16,Surat,2025-04-05
422,Shivam Sethi,1966-01-15,Bangalore,2024-08-07
423,Rachna Varma,2005-01-26,Kochi,2023-12-19
424,Shreyas Randhawa,1963-12-02,Ahmedabad,2024-11-26
425,Diya Dutta,2005-09-04,Patna,2024-09-10
426,Nikita Panicker,1960-06-23,Coimbatore,2024-11-04
427,Ananya Mukherjee,1965-09-26,Pune,2024-01-17
428,Swapna Krishnamurthy,1995-11-27,Surat,2025-01-09
429,Anirudh Tripathi,1998-02-02,Kolkata,2024-06-03
430,Sai Unnikrishnan,1971-08-22,Ahmedabad,2024-10-15
431,Tejasvi Mitra,1999-09-12,Dehradun,2025-03-27
432,Rajeshwari Pattnaik,1980-05-29,Mysore,2024-08-31
433,Devesh Anantharaman,1957-01-06,Chandigarh,2025-05-28
434,Neha Chauhan,2000-08-28,Visakhapatnam,2025-06-30
435,Sankalp Dhawan,1963-11-10,Patna,2024-11-19
436,Abhishek Sawant,1970-01-15,Mysore,2025-08-12
437,Dia Shaikh,1969-06-22,Bangalore,2025-01-07
438,Soham Sidhu,1976-02-06,Bhopal,2024-10-30
439,Anaya Khurana,1985-03-31,Patna,2025-02-27
440,Yuvraj Narayanan,2001-03-19,Bhopal,2024-11-22
441,Varun Oberoi,1968-01-08,Mumbai,2024-09-24
442,Ishaan Aggarwal,1966-07-03,Thiruvananthapuram,2025-05-24
443,Naman Mohammad,1994-03-12,Lucknow,2024-11-09
444,Vijay Acharya,1995-05-29,Ahmedabad,2025-09-10
445,Sadhana Das,1984-08-05,Surat,2024-10-07
446,Simran Joshi,1995-12-03,Mumbai,2025-02-08
447,Akhil Pawar,1973-10-22,Kochi,2025-06-24
448,Tanmay Suri,1998-12-22,Thiruvananthapuram,2024-09-23
449,Esha Bansal,1979-02-15,Guwahati,2025-06-22
450,Chetan Vaidyanathan,1988-05-07,Jaipur,2025-09-24
451,Sourav Raina,1987-05-17,Surat,2024-12-06
452,Vinita Choudhury,1980-12-22,Bhopal,2025-07-26
453,Genelia Menon,2006-10-30,Kochi,2024-06-23
454,Prashant Pathan,1977-11-25,Chennai,2025-03-26
455,Kartik Rao,1964-11-30,Jaipur,2025-09-23
456,Huma Dhar,1962-04-17,Vadodara,2025-10-24
457,Shobha Shukla,1975-08-19,Kolkata,2025-07-25
458,Mandira Siddiqui,1982-12-17,Noida,2024-12-20
459,Anika Naik,1975-05-16,Guwahati,2024-12-02
460,Veena Reddy,2007-03-05,Mysore,2025-11-30
461,Saurabh Saxena,1996-05-28,Surat,2025-12-31
462,Monika Behera,1970-08-09,Visakhapatnam,2025-07-09
463,Harini Deshmukh,1969-07-10,Ahmedabad,2026-02-06
464,Garima Lahiri,1998-11-24,Bangalore,2024-11-22
465,Krishna Goyal,1977-03-12,Patna,2026-02-21
466,Chandra Begum,1986-10-22,Jaipur,2024-12-12
467,Pratik Prasad,1981-05-23,Mysore,2026-03-03
468,Manjari Sharma,1999-11-26,Mumbai,2026-01-03
469,Vihaan Verma,1973-11-10,Pune,2025-03-08
470,Urmila Mehta,1965-08-05,Patna,2025-01-15
471,Kavita Naidu,1964-09-06,Visakhapatnam,2025-12-19
472,Arpita Rajput,1961-01-31,Visakhapatnam,2026-03-03
473,Manav Malhotra,1979-09-23,Indore,2025-09-03
474,Tejas Kaul,2001-10-22,Thiruvananthapuram,2025-02-08
475,Ayush Menon,1987-08-15,Nagpur,2025-07-09
476,Sushma Rahman,1980-10-02,Nagpur,2026-03-03
477,Sachin Senapati,1956-10-16,Dehradun,2025-10-01
478,Nikhil Sodhi,1967-01-13,Thiruvananthapuram,2024-12-28
479,Kunti Dixit,1982-02-28,Bhopal,2025-09-06
480,Myra Sachdeva,1993-11-20,Kochi,2025-10-23
481,Tanuja Thakkar,1988-09-08,Guwahati,2025-10-24
482,Ravi Mohapatra,1956-08-29,Patna,2025-11-10
483,Deepak Subramanian,1980-11-24,Kochi,2026-02-17
484,Julianna Basu,2007-09-19,Delhi,2025-07-05
485,Anushka Garg,1978-12-10,Mumbai,2025-06-12
486,Himanshu Modi,2003-07-01,Guwahati,2025-11-24
487,Kalki Sen,1964-04-03,Mysore,2025-09-24
488,Aadi Patel,1962-02-05,Coimbatore,2025-11-28
489,Arun Thakur,1984-05-02,Thiruvananthapuram,2025-03-30
490,Rukmini Chopra,2004-05-20,Guwahati,2025-10-30
491,Mayank Sandhu,1982-05-11,Thiruvananthapuram,2026-02-03
492,Aadvik Brar,1993-04-21,Hyderabad,2026-03-03
493,Reyansh Parida,2004-11-10,Coimbatore,2025-10-31
494,Padmini Swamy,1984-10-06,Surat,2025-05-21
495,Deepika Chaturvedi,1963-09-17,Guwahati,2026-03-03
496,Vidya Rathore,2001-06-21,Nagpur,2026-03-03
497,Shweta Tandon,1960-05-03,Pune,2026-03-03
498,Fatima Warrier,1976-08-27,Coimbatore,2025-07-16
499,Abhijeet Pandey,1961-07-18,Coimbatore,2025-05-26
500,Pranav Deshpande,1993-09-30,Bangalore,2026-03-03
